,Nombre,Rating,Precio,Fecha de entrega
0,"Pantene - Shampoo Control Caída, Bambú Nutre & Crece Minute Miracle, Shampoo con Biotina y Extracto de Bambú, 480 ml",Día de Entrega,"75
00",Resultados
1,"HEAD & SHOULDERS, Shampoo para Caspa, Limpieza Renovadora, Control Caspa (375 ml)",Categoría,119.90,"mañana, 18 de septiembre"
2,Pantene Shampoo + Pantene Acondicionador Pro-V Miracles Colágeno Nutre & Revitaliza 510 ml,Opinión de los Clientes,"50
50","mañana, 18 de septiembre"
3,"Mennen Shampoo, Fórmula sin alcohol, sin colorantes ni siliconas, los ingredientes necesarios para mantener el cabello limpio y brillante. 700ml.",Marca,69.90,"mañana, 18 de septiembre"
4,THE BOTANIST - Champú Aceite de Romero 591 ml,Precio,"229
90","mañana, 18 de septiembre"
5,Caprice Naturals Shampoo Frutos y Agua de Coco 760ml,Ofertas y Descuentos,"51
00","mañana, 18 de septiembre"
6,"Mennen Shampoo con Acondicionador para Cabello más Suave y Resistente dejando un Agradable Aroma. 700ml, Ideal para Toda la Familia.",Lo Más Nuevo,61.50,"mañana, 18 de septiembre"
7,TRESemme Shampoo Efecto Botox para cabello seco y con frizz 715 ml,Género,"86
00","martes, 19 de septiembre"
8,Shampoo Palmolive Optims Therma Protect 700 ML,Características especiales,122.00,Más resultados
9,TRESemme Shampoo Control Caída con vitamina B6 y bergamota 715 ml,Forma del artículo,"34
00","mañana, 18 de septiembre"
10,"Palmolive Optims Shampoo N4 con Vital Keratina, brinda brillo de alto impacto y dejando tu cabello 3 veces más suave. 400 ML.",Número de Artículos,53.50,"mañana, 18 de septiembre"
11,"Shampoo Mennen Lavanda Y Avena 700 Ml, 700 mililitro, 1",Usos recomendados para el producto,"139
00","mañana, 18 de septiembre"
12,ANNE ROTHSHIELD - Champú Keratin Oil Elixir 700 Ml,Tipo de Empresa,"51
00","mañana, 18 de septiembre"
13,"Shampoo de Caballo y Romero, anticaída y cremiento Secreto Herbal. 500 ml",Sin tipo de material,77.50,"mañana, 18 de septiembre"
14,"Maui Moisture - Champú Lightweight Hydration + Hibiscus Water, 13 onzas líquidas Oz (paquete de 1)",Beneficios,"62
60","mañana, 18 de septiembre"
15,"Garnier Fructis Shampoo Rizos Poderosos, 650 ml, 0.71 kilograms, 1 unidad, 1",Órdenes Recurrentes,69.90,"mañana, 18 de septiembre"
16,"HERBAL ESSENCES, Shampoo, Agua de Coco y Jazmín, Sin Siliconas ni Aceites Minerales, 400 ml",Amazon Internacional,"60
00","mañana, 18 de septiembre"
17,"Mennen Shampoo Protección/Suavidad, 700 ml",Opción de Empaque,80.90,"mañana, 18 de septiembre"
18,L'Oréal Paris Shampoo Hidra Hialurónico Elvive 370 ml,Disponibilidad del Producto,"66
00","mañana, 18 de septiembre"
19,"Folicuré Shampoo Original control caída con FolisacáridosTM, Pantenol y Biotina 700 ml",None,69.90,"mañana, 18 de septiembre"
20,Pantene Shampoo Nutritivo 300 ml + Pantene Acondicionador 250 ml Pro-V Miracles Colágeno Nutre & Revitaliza,None,"36
24","mañana, 18 de septiembre"
21,"HEAD & SHOULDERS, Shampoo para Caspa, Crece Fuerte Desde la Raíz, con Vitamina E (375 ml)",None,59.50,"mañana, 18 de septiembre"
22,Pantene Shampoo 300 ml + Pantene Acondicionador 3 Minute Miracle 170 ml Pro-V Miracles Colágeno Nutre & Revitaliza,None,"51
00","mañana, 18 de septiembre"
23,Pantene Shampoo Pro-V Minute Miracle Bambú Nutre y Crece 2 Unidades de 480 ml c/u,None,61.50,"mañana, 18 de septiembre"
24,Alostet Shampoo Anticaída,None,"104
90","mañana, 18 de septiembre"
25,"HEAD & SHOULDERS, Shampoo para Caspa, Limpieza Renovadora, Control Caspa (375 ml)",None,"34
00","mañana, 18 de septiembre"
26,Folicuré Shampoo Limpieza Renovadora Control Caspa 700 ml,None,"120
00","mañana, 18 de septiembre"
27,"Davines Momo Moisturizing Shampoo for Dry and Dehydrated Hair, 8.45 Fl Oz",None,199.00,"mañana, 18 de septiembre"
28,TRUSS Infusion shampoo 10.14 oz,None,"52
50","mañana, 18 de septiembre"
29,Shampoo Terapéutico Neutrogena Tgel 473 ml,None,78.88,"mañana, 18 de septiembre"
30,"Vanart Reparación Shampoo Nutrición, 750 ml",None,"74
00","mañana, 18 de septiembre"
31,"Herbal Essences Shampoo, Prolóngalo, 700 ml",None,"51
00","mañana, 18 de septiembre"
32,"Fructis - Champú Garnier para el cabello Sandia, 300 ml",None,77.50,"mañana, 18 de septiembre"
33,Shampoo TRESemmé Detox Hidratación 715 ml,None,"53
37","mañana, 18 de septiembre"
34,"Pantene - Shampoo Hidratación Extrema, con Aceite de Argan y Glicerina, Control del Frizz, Shampoo sin sal, 500 ml",None,"70
00","jueves, 21 de septiembre"
35,"Shampoo para Cabello Teñido, Evita el Deslave y Mantiene un Color más Intenso por 8 semanas con Resveratrol |500ml|Vitamino Color de L'Oréal Professionnel",None,106.00,"mañana, 18 de septiembre"
36,"Just for Men Control Gx Shampoo Desvanecedor Progresivo De Canas, 118ml",None,"139
90","mañana, 18 de septiembre"
37,Sedal Shampoo Caída 620 ml,None,"50
50","mañana, 18 de septiembre"
38,"Bioexpert Bioexpert Shampoo Restauración, 650 Ml, Pack of 1",None,69.90,"mañana, 18 de septiembre"
39,"HEAD & SHOULDERS, Shampoo para Caspa, Suave y Manejable, Shampoo 2 en 1 (375 ml)",None,"144
90","mañana, 18 de septiembre"
40,DOVE Shampoo Reconstrucción Completa 675ml,None,"150
00","mañana, 18 de septiembre"
41,Shampoo Reparador para Cabello Dañado o Muy Seco con Proteína y Quínoa Dorada |500ml| Absolut Repair de L'Oréal Professionnel,None,239.90,"mañana, 18 de septiembre"
42,SHAMPOO POUCH THE HONEY KEEPER BABY LITTLE CHAMOMILE 250ML,None,"304
98","mañana, 18 de septiembre"
43,"Shampoo Dercos Densisolution para más densidad del cabello, 250ml",None,418.00,"mañana, 18 de septiembre"
44,"Pantene - Shampoo Control Caída, Bambú Nutre & Crece Minute Miracle, Shampoo con Biotina y Extracto de Bambú, 480 ml",None,"50
50","mañana, 18 de septiembre"
45,Garnier Fructis Shampoo Fructis Hair Food Banana 300Ml,None,69.90,"mañana, 18 de septiembre"
46,"Shampoo Dercos Anti-caída del cabello, 200ml",None,"70
00","mañana, 18 de septiembre"
47,"HEAD & SHOULDERS, Shampoo para Caspa, Alivio Refrescante, Control Caspa (375 ml)",None,106.00,"mañana, 18 de septiembre"
48,"Bioexpert Shampoo Suavidad 2en1, 650 ml",None,"594
00","mañana, 18 de septiembre"
49,"Medicasp SHAMPOO USO DIARIO, grado dermatológico, su antimicótico elimina el hongo de la caspa y todos sus síntomas, Kit 2 botellas de 130ml c/u",None,670.18,"mañana, 18 de septiembre"
50,THE BOTANIST - Champú con leche de coco 591 ml,None,"411
67","mañana, 18 de septiembre"
51,"Anaphase Shampoo Fortalecedor, Adelgazamiento Y Perdida De Cabello, 200Ml",None,"377
19","mañana, 18 de septiembre"
52,La Roche Posay Shampoo Kerium para caspa seca 200ml,None,"44
50","martes, 19 de septiembre"
53,"OGX, Shampoo Nutritivo de Leche de Coco, 385 ml",None,"79
90","viernes, 22 de septiembre"
54,"L'Oréal Paris Shampoo Re Nutrición Elvive 1Lt, 1000 mililitro, 1",None,"63
00","mañana, 18 de septiembre"
55,"Palmolive Optims Shampoo N4 con Vital Keratina, brinda brillo de alto impacto y dejando tu cabello 3 veces más suave. 400 ML.",None,"66
00","mañana, 18 de septiembre"
56,Ampolletas Kérastase Anti-caída Aminexil Force R Specifique | 42x6ml,None,69.90,
57,"Pantene - Shampoo Nutrient Blends Frizz Control, con Extracto de Rosas Pantenol y Colágeno, Shampoo Pantene, 270 ml",None,"68
00","mañana, 18 de septiembre"
58,"Head & Shoulders Advanced, Shampoo para Caspa, Nutrición Intensa Colágeno y Aceite de Oliva 280 ml",None,84.90,"mañana, 18 de septiembre"
59,Pantene Shampoo Pro-V Hidratación Extrema 2 Unidades de 480 ml c/u,None,"503
16","mañana, 18 de septiembre"
60,Pantene Shampoo Minute Miracle Pro-V Restauración 2 Unidades de 480 ml c/u,Día de Entrega,"145
84",Resultados
61,Shampoo Kérastase para Cabello Graso Bain Divalent Specifique | 250ml,Categoría,160.73,"mañana, 18 de septiembre"
62,"Medicasp SHAMPOO USO DIARIO, grado dermatológico, su antimicótico elimina el hongo de la caspa y todos sus síntomas, Kit 2 botellas de 130ml c/u",Opinión de los Clientes,"810
00","mañana, 18 de septiembre"
63,"palmolive Optims Shampoo Ácido Hialurónico 680 Ml, color, 680 ml",Marca,"199
00","martes, 19 de septiembre"
64,"palmolive Optims Shampoo Ácido Hialurónico 680 Ml, color, 680 ml",Precio,229.00,"viernes, 22 de septiembre"
65,"HEAD & SHOULDERS, Shampoo para Caspa, Hidratación, Aceite de Coco (375 ml)",Ofertas y Descuentos,"60
00","mañana, 18 de septiembre"
66,"Mennen Shampoo Desenredante con Acondicionador, que suaviza y humecta el cabello, 700 ml.",Lo Más Nuevo,98.50,"mañana, 18 de septiembre"
67,L'Oréal Paris Shampoo Manzanilla L'Oréal Kids 260 ml,Género,"60
00","mañana, 18 de septiembre"
68,L'Oréal Paris Kit Caída Resist Men Elvive Shampoo 2 pz,Características especiales,98.50,"martes, 19 de septiembre"
69,"Pantene - Shampoo Control Caída, con Aceite de Ricino, Vitamina E, 500 ml",Forma del artículo,"50
50","mañana, 18 de septiembre"
70,Folicuré Shampoo Hidratante 2en1 Control Caspa 700 ml,Número de Artículos,69.90,"mañana, 18 de septiembre"
71,Shampoo para el Control del Frizz para Cabello con Frizz formulado con Aceite de Babasú |300ml| Frizz Dismiss de Redken,Usos recomendados para el producto,"51
00","mañana, 18 de septiembre"
72,"Pantene - Shampoo Restauración, Repara el Daño con Cada Uso, con Aceite de Argan, Cuidado del Cabello, 500 ml",Tipo de Empresa,77.50,"mañana, 18 de septiembre"
73,The Botanist Champú con Cedarwood,Sin tipo de material,"72
00","mañana, 18 de septiembre"
74,"Aveeno Scalp Soothing, Champú, NA, 12 onzas",Beneficios,"238
00","mañana, 18 de septiembre"
75,"OGX, Shampoo Extra Fuerte de Aceite de Argán, 385 ml",Órdenes Recurrentes,"69
00","mañana, 18 de septiembre"
76,"Vanart Reparación Shampoo Hidratación, 750 ml",Amazon Internacional,84.90,"mañana, 18 de septiembre"
77,THE BOTANIST - CHAMPÚ CHUPA CHUPS CREMA DE FRESA 375ML,Opción de Empaque,"70
00","mañana, 18 de septiembre"
78,Dove Shampoo Cuidado Micelar 675ml,Disponibilidad del Producto,106.00,"mañana, 18 de septiembre"
79,"Head & Shoulders, shampoo para caspa, Limpieza Radical Menta y Árbol de Té 280 ml",None,"507
00","mañana, 18 de septiembre"
80,Tratamiento Kérastase Anti-caída Stimulliste Specifique | 125,None,643.20,"mañana, 18 de septiembre"
81,"Schwarzkopf - Bonacure BC Time Restore Q10+ Shampoo Micelar para Cabello Maduro 250ml, Aporta Brillo y Suavidad, Protege contra Signos Envejecimiento Cabello, Fórmula Vegana Enjuague Rápido",None,"64
90","martes, 19 de septiembre"
82,"HASK, Shampoo Hidratante para Cabello Rizado, Anti-Frizz, Protege los Rizos, Libre de Sulfatos, Parabenos, Ftalatos y Gluten, 355 ml",None,84.90,"martes, 19 de septiembre"
83,Shampoo del Indio Huichol | Champú de tratamiento para la pérdida de cabello y la caspa para fortalecer el crecimiento abundante del cabello y la prevención de la caspa; 14 onzas líquidas,None,"85
00","mañana, 18 de septiembre"
84,"OGX, Shampoo Extra Fuerte de Tea Tree y Menta, 385 ml",None,122.00,"mañana, 18 de septiembre"
85,"HERBAL ESSENCES Bio:Renew, Shampoo Sin Sulfatos y Parabenos, 6X Aloe Vera y Mango, Repara y Protege el Cabello, 90% Origen Natural, 400 ml",None,"114
00","martes, 19 de septiembre"
86,Folicuré Shampoo Extra 700 ml,None,189.00,Más resultados
87,"L'Oréal Paris Shampoo con aceite de coco Ever Curl controla el frizz y nutre tus rizos para todo tipo de pelo teñido Sin Sulfatos, 250ml",None,"145
24","mañana, 18 de septiembre"
88,Tresemmé Shampoo sin siliconas Rizos Disciplinados con aceites exquisitos y elastina B 715 ml,None,179.00,"mañana, 18 de septiembre"
89,Anne Rothshield Shampoo Keratin Oil Elixir 700Ml + Acondicionador Keratin Oil Elixir 700Ml,None,"44
50","mañana, 18 de septiembre"
90,"HEAD & SHOULDERS, Shampoo para Caspa, MEN Old Spice, Fragancia Masculina (375 ml)",None,"76
50","mañana, 18 de septiembre"
91,"Aveeno Scalp Soothing Oat Milk Blend Shampoo, 12 Ounce, 340.194 gramo, 1",None,93.00,"mañana, 18 de septiembre"
92,Yellow Liss Shampoo alisador anti-frizz,None,"67
02","mañana, 18 de septiembre"
93,L'Oréal Paris Shampoo 3 en 1 Frambuesa L'Oréal Kids 260 ml,None,97.00,"mañana, 18 de septiembre"
94,"Tío Nacho Efecto Anti-Canas, Shampoo Anti-Caída con Henna Su Combinación de Jalea Real y Henna Ayuda Matizar las Canas y Rejuvenecer el Cabello, Menos Canas, Menos Caída, Botella 415 ml",None,"154
70","mañana, 18 de septiembre"
95,"Pantene - Shampoo Minute Miracle Restauración, Shampoo para cabello con Aceite de Argán, Uso Diario, 480 ml",None,249.90,"mañana, 18 de septiembre"
96,"Maui Moisture, Curl Quench + Coconut Oil, Shampoo, Control de Rizos para Cabello Rizado y Ondulado, Sin Parabenos, Aceite de Coco, 385 ml",None,"1,080
00","mañana, 18 de septiembre"
97,Shampoo para Cabello con Perdida de Densidad Kérastase Bain Densité Homme Densifique | 250ml,None,"379
76","mañana, 18 de septiembre"
98,"ALAZÁN SHAMPOO DE CABALLO PARA USO HUMANO, CON BERGAMOTA, BIOTINA Y QUERATINA",None,418.54,"mañana, 18 de septiembre"
99,"OGX, Shampoo Ever Straight Brazilian Keratin Therapy, Keratina Brasileña, 385",None,"126
65","mañana, 18 de septiembre"
100,"Bio Expert - Champú Macadamia 650 ml, paquete de 1",None,150.00,"mañana, 18 de septiembre"
101,"Nioxin Shampoo Sistema #3 Anticaída para el Cuidado de Color con caída moderada, 1000 ml",None,"139
99",
102,Matrix Total Results Shampoo matizador morado So Silver Neutraliza tonos amarillos para cabellos rubios y cenizos 300 ml,None,"145
25","mañana, 18 de septiembre"
103,Shampoo Johnson's Hidratación Intensa 400 ml,None,179.00,"mañana, 18 de septiembre"
104,Tresemmé Shampoo Keratina Antifrizz con keratina y ácido hialurónico 715 ml,None,"160
00","mañana, 18 de septiembre"
105,"Kelual Ds Shampoo Auxiliar Tratante Anticaspa, Caspa Severa, 100Ml",None,169.91,"mañana, 18 de septiembre"
106,"La Roche Posay Kerium Shampoo para Caspa Grasa, 200 ml",None,"70
00","mañana, 18 de septiembre"
107,"HERBAL ESSENCES Bio:Renew, Shampoo Romero, Sin Siliconas ni Parabenos, Controla Cabello Graso, 400 ml",None,106.00,"mañana, 18 de septiembre"
108,"Pantene - Shampoo Minute Miracle Hidratación Extrema, con Aceite de Argán, Shampoo Sin Sal, Uso Diario, 480 ml",None,"170
00","mañana, 18 de septiembre"
109,The Botanist Shampoo Bergamot + Basil 591 ml,None,"66
00",
110,Tresemmé Shampoo sin parabenos y sin colorantes Pro Radiance Color para cabello teñido 715 ml,None,83.90,"mañana, 18 de septiembre"
111,"OGX Champú de aceite alisador sin frizz+ queratina, 5 en 1, para cabello encrespado, cabello brillante, 385 ml",None,"209
80","mañana, 18 de septiembre"
112,"Tío Nacho ACLARANTE, Shampoo con JALEA REAL y extractos de MANZANILLA, BARDANA, ROMERO y ALOE VERA, ayuda a aclarar, ilumina y fortalece el cabello, cabello y planeta realmente saludables, Brillo Saludable, 100% reciclados y reciclables 415 ml",None,"50
50","mañana, 18 de septiembre"
113,SHAMPOO DE BERGAMOTA,None,69.90,"mañana, 18 de septiembre"
114,Shampoo Sedal Quinoa y Linaza 370 ml,None,"114
00","mañana, 18 de septiembre"
115,"L'Oréal Paris Elvive Total Repair 5 Repairing Shampoo, for Damaged Hair, Shampoo with Protein and Ceramide for Strong, Silky, Shiny, Healthy, Renewed Hair, 28 fl. oz.",None,189.00,"mañana, 18 de septiembre"
116,Schwarzkopf BC Moisture Kick Shampoo Micelar 250ml,None,"233
52","mañana, 18 de septiembre"
117,Shampoo para Cabello Rizado Briel Veda 250 ml,None,"72
00","mañana, 18 de septiembre"
118,Salerm 21 express All In One Hair Care by Salerm Cosmetics,None,"98
00","mañana, 18 de septiembre"
119,Aveda Cherry Almond Softening Shampoo 8.5 Oz,None,"75
00","mañana, 18 de septiembre"
120,"Pantene - Shampoo Control Caída, Bambú Nutre & Crece Minute Miracle, Shampoo con Biotina y Extracto de Bambú, 480 ml",Día de Entrega,"75
00",Resultados
121,"HEAD & SHOULDERS, Shampoo para Caspa, Limpieza Renovadora, Control Caspa (375 ml)",Categoría,119.90,"mañana, 18 de septiembre"
122,Pantene Shampoo + Pantene Acondicionador Pro-V Miracles Colágeno Nutre & Revitaliza 510 ml,Opinión de los Clientes,"50
50","mañana, 18 de septiembre"
123,"Mennen Shampoo, Fórmula sin alcohol, sin colorantes ni siliconas, los ingredientes necesarios para mantener el cabello limpio y brillante. 700ml.",Marca,69.90,"mañana, 18 de septiembre"
124,THE BOTANIST - Champú Aceite de Romero 591 ml,Precio,"229
90","mañana, 18 de septiembre"
125,Caprice Naturals Shampoo Frutos y Agua de Coco 760ml,Ofertas y Descuentos,"51
00","mañana, 18 de septiembre"
126,"Mennen Shampoo con Acondicionador para Cabello más Suave y Resistente dejando un Agradable Aroma. 700ml, Ideal para Toda la Familia.",Lo Más Nuevo,61.50,"mañana, 18 de septiembre"
127,TRESemme Shampoo Efecto Botox para cabello seco y con frizz 715 ml,Género,"86
00","martes, 19 de septiembre"
128,Shampoo Palmolive Optims Therma Protect 700 ML,Características especiales,122.00,Más resultados
129,TRESemme Shampoo Control Caída con vitamina B6 y bergamota 715 ml,Forma del artículo,"34
00","mañana, 18 de septiembre"
130,"Palmolive Optims Shampoo N4 con Vital Keratina, brinda brillo de alto impacto y dejando tu cabello 3 veces más suave. 400 ML.",Número de Artículos,53.50,"mañana, 18 de septiembre"
131,"Shampoo Mennen Lavanda Y Avena 700 Ml, 700 mililitro, 1",Usos recomendados para el producto,"139
00","mañana, 18 de septiembre"
132,ANNE ROTHSHIELD - Champú Keratin Oil Elixir 700 Ml,Tipo de Empresa,"51
00","mañana, 18 de septiembre"
133,"Shampoo de Caballo y Romero, anticaída y cremiento Secreto Herbal. 500 ml",Sin tipo de material,77.50,"mañana, 18 de septiembre"
134,"Maui Moisture - Champú Lightweight Hydration + Hibiscus Water, 13 onzas líquidas Oz (paquete de 1)",Beneficios,"62
60","mañana, 18 de septiembre"
135,"Garnier Fructis Shampoo Rizos Poderosos, 650 ml, 0.71 kilograms, 1 unidad, 1",Órdenes Recurrentes,69.90,"mañana, 18 de septiembre"
136,"HERBAL ESSENCES, Shampoo, Agua de Coco y Jazmín, Sin Siliconas ni Aceites Minerales, 400 ml",Amazon Internacional,"60
00","mañana, 18 de septiembre"
137,"Mennen Shampoo Protección/Suavidad, 700 ml",Opción de Empaque,80.90,"mañana, 18 de septiembre"
138,L'Oréal Paris Shampoo Hidra Hialurónico Elvive 370 ml,Disponibilidad del Producto,"66
00","mañana, 18 de septiembre"
139,"Folicuré Shampoo Original control caída con FolisacáridosTM, Pantenol y Biotina 700 ml",None,69.90,"mañana, 18 de septiembre"
140,Pantene Shampoo Nutritivo 300 ml + Pantene Acondicionador 250 ml Pro-V Miracles Colágeno Nutre & Revitaliza,None,"36
24","mañana, 18 de septiembre"
141,"HEAD & SHOULDERS, Shampoo para Caspa, Crece Fuerte Desde la Raíz, con Vitamina E (375 ml)",None,59.50,"mañana, 18 de septiembre"
142,Pantene Shampoo 300 ml + Pantene Acondicionador 3 Minute Miracle 170 ml Pro-V Miracles Colágeno Nutre & Revitaliza,None,"51
00","mañana, 18 de septiembre"
143,Pantene Shampoo Pro-V Minute Miracle Bambú Nutre y Crece 2 Unidades de 480 ml c/u,None,61.50,"mañana, 18 de septiembre"
144,Alostet Shampoo Anticaída,None,"104
90","mañana, 18 de septiembre"
145,"HEAD & SHOULDERS, Shampoo para Caspa, Limpieza Renovadora, Control Caspa (375 ml)",None,"34
00","mañana, 18 de septiembre"
146,Folicuré Shampoo Limpieza Renovadora Control Caspa 700 ml,None,"120
00","mañana, 18 de septiembre"
147,"Davines Momo Moisturizing Shampoo for Dry and Dehydrated Hair, 8.45 Fl Oz",None,199.00,"mañana, 18 de septiembre"
148,TRUSS Infusion shampoo 10.14 oz,None,"52
50","mañana, 18 de septiembre"
149,Shampoo Terapéutico Neutrogena Tgel 473 ml,None,78.88,"mañana, 18 de septiembre"
150,"Vanart Reparación Shampoo Nutrición, 750 ml",None,"74
00","mañana, 18 de septiembre"
151,"Herbal Essences Shampoo, Prolóngalo, 700 ml",None,"51
00","mañana, 18 de septiembre"
152,"Fructis - Champú Garnier para el cabello Sandia, 300 ml",None,77.50,"mañana, 18 de septiembre"
153,Shampoo TRESemmé Detox Hidratación 715 ml,None,"53
37","mañana, 18 de septiembre"
154,"Pantene - Shampoo Hidratación Extrema, con Aceite de Argan y Glicerina, Control del Frizz, Shampoo sin sal, 500 ml",None,"70
00","jueves, 21 de septiembre"
155,"Shampoo para Cabello Teñido, Evita el Deslave y Mantiene un Color más Intenso por 8 semanas con Resveratrol |500ml|Vitamino Color de L'Oréal Professionnel",None,106.00,"mañana, 18 de septiembre"
156,"Just for Men Control Gx Shampoo Desvanecedor Progresivo De Canas, 118ml",None,"139
90","mañana, 18 de septiembre"
157,Sedal Shampoo Caída 620 ml,None,"50
50","mañana, 18 de septiembre"
158,"Bioexpert Bioexpert Shampoo Restauración, 650 Ml, Pack of 1",None,69.90,"mañana, 18 de septiembre"
159,"HEAD & SHOULDERS, Shampoo para Caspa, Suave y Manejable, Shampoo 2 en 1 (375 ml)",None,"144
90","mañana, 18 de septiembre"
160,DOVE Shampoo Reconstrucción Completa 675ml,None,"150
00","mañana, 18 de septiembre"
161,Shampoo Reparador para Cabello Dañado o Muy Seco con Proteína y Quínoa Dorada |500ml| Absolut Repair de L'Oréal Professionnel,None,239.90,"mañana, 18 de septiembre"
162,SHAMPOO POUCH THE HONEY KEEPER BABY LITTLE CHAMOMILE 250ML,None,"304
98","mañana, 18 de septiembre"
163,"Shampoo Dercos Densisolution para más densidad del cabello, 250ml",None,418.00,"mañana, 18 de septiembre"
164,"Pantene - Shampoo Control Caída, Bambú Nutre & Crece Minute Miracle, Shampoo con Biotina y Extracto de Bambú, 480 ml",None,"50
50","mañana, 18 de septiembre"
165,Garnier Fructis Shampoo Fructis Hair Food Banana 300Ml,None,69.90,"mañana, 18 de septiembre"
166,"Shampoo Dercos Anti-caída del cabello, 200ml",None,"70
00","mañana, 18 de septiembre"
167,"HEAD & SHOULDERS, Shampoo para Caspa, Alivio Refrescante, Control Caspa (375 ml)",None,106.00,"mañana, 18 de septiembre"
168,"Bioexpert Shampoo Suavidad 2en1, 650 ml",None,"594
00","mañana, 18 de septiembre"
169,"Medicasp SHAMPOO USO DIARIO, grado dermatológico, su antimicótico elimina el hongo de la caspa y todos sus síntomas, Kit 2 botellas de 130ml c/u",None,670.18,"mañana, 18 de septiembre"
170,THE BOTANIST - Champú con leche de coco 591 ml,None,"411
67","mañana, 18 de septiembre"
171,"Anaphase Shampoo Fortalecedor, Adelgazamiento Y Perdida De Cabello, 200Ml",None,"377
19","mañana, 18 de septiembre"
172,La Roche Posay Shampoo Kerium para caspa seca 200ml,None,"44
50","martes, 19 de septiembre"
173,"OGX, Shampoo Nutritivo de Leche de Coco, 385 ml",None,"79
90","viernes, 22 de septiembre"
174,"L'Oréal Paris Shampoo Re Nutrición Elvive 1Lt, 1000 mililitro, 1",None,"63
00","mañana, 18 de septiembre"
175,"Palmolive Optims Shampoo N4 con Vital Keratina, brinda brillo de alto impacto y dejando tu cabello 3 veces más suave. 400 ML.",None,"66
00","mañana, 18 de septiembre"
176,Ampolletas Kérastase Anti-caída Aminexil Force R Specifique | 42x6ml,None,69.90,
177,"Pantene - Shampoo Nutrient Blends Frizz Control, con Extracto de Rosas Pantenol y Colágeno, Shampoo Pantene, 270 ml",None,"68
00","mañana, 18 de septiembre"
178,"Head & Shoulders Advanced, Shampoo para Caspa, Nutrición Intensa Colágeno y Aceite de Oliva 280 ml",None,84.90,"mañana, 18 de septiembre"
179,Pantene Shampoo Pro-V Hidratación Extrema 2 Unidades de 480 ml c/u,None,"503
16","mañana, 18 de septiembre"
180,Pantene Shampoo Minute Miracle Pro-V Restauración 2 Unidades de 480 ml c/u,Día de Entrega,"145
84",Resultados
181,Shampoo Kérastase para Cabello Graso Bain Divalent Specifique | 250ml,Categoría,160.73,"mañana, 18 de septiembre"
182,"Medicasp SHAMPOO USO DIARIO, grado dermatológico, su antimicótico elimina el hongo de la caspa y todos sus síntomas, Kit 2 botellas de 130ml c/u",Opinión de los Clientes,"810
00","mañana, 18 de septiembre"
183,"palmolive Optims Shampoo Ácido Hialurónico 680 Ml, color, 680 ml",Marca,"199
00","martes, 19 de septiembre"
184,"palmolive Optims Shampoo Ácido Hialurónico 680 Ml, color, 680 ml",Precio,229.00,"viernes, 22 de septiembre"
185,"HEAD & SHOULDERS, Shampoo para Caspa, Hidratación, Aceite de Coco (375 ml)",Ofertas y Descuentos,"60
00","mañana, 18 de septiembre"
186,"Mennen Shampoo Desenredante con Acondicionador, que suaviza y humecta el cabello, 700 ml.",Lo Más Nuevo,98.50,"mañana, 18 de septiembre"
187,L'Oréal Paris Shampoo Manzanilla L'Oréal Kids 260 ml,Género,"60
00","mañana, 18 de septiembre"
188,L'Oréal Paris Kit Caída Resist Men Elvive Shampoo 2 pz,Características especiales,98.50,"martes, 19 de septiembre"
189,"Pantene - Shampoo Control Caída, con Aceite de Ricino, Vitamina E, 500 ml",Forma del artículo,"50
50","mañana, 18 de septiembre"
190,Folicuré Shampoo Hidratante 2en1 Control Caspa 700 ml,Número de Artículos,69.90,"mañana, 18 de septiembre"
191,Shampoo para el Control del Frizz para Cabello con Frizz formulado con Aceite de Babasú |300ml| Frizz Dismiss de Redken,Usos recomendados para el producto,"51
00","mañana, 18 de septiembre"
192,"Pantene - Shampoo Restauración, Repara el Daño con Cada Uso, con Aceite de Argan, Cuidado del Cabello, 500 ml",Tipo de Empresa,77.50,"mañana, 18 de septiembre"
193,The Botanist Champú con Cedarwood,Sin tipo de material,"72
00","mañana, 18 de septiembre"
194,"Aveeno Scalp Soothing, Champú, NA, 12 onzas",Beneficios,"238
00","mañana, 18 de septiembre"
195,"OGX, Shampoo Extra Fuerte de Aceite de Argán, 385 ml",Órdenes Recurrentes,"69
00","mañana, 18 de septiembre"
196,"Vanart Reparación Shampoo Hidratación, 750 ml",Amazon Internacional,84.90,"mañana, 18 de septiembre"
197,THE BOTANIST - CHAMPÚ CHUPA CHUPS CREMA DE FRESA 375ML,Opción de Empaque,"70
00","mañana, 18 de septiembre"
198,Dove Shampoo Cuidado Micelar 675ml,Disponibilidad del Producto,106.00,"mañana, 18 de septiembre"
199,"Head & Shoulders, shampoo para caspa, Limpieza Radical Menta y Árbol de Té 280 ml",None,"507
00","mañana, 18 de septiembre"
200,Tratamiento Kérastase Anti-caída Stimulliste Specifique | 125,None,643.20,"mañana, 18 de septiembre"
201,"Schwarzkopf - Bonacure BC Time Restore Q10+ Shampoo Micelar para Cabello Maduro 250ml, Aporta Brillo y Suavidad, Protege contra Signos Envejecimiento Cabello, Fórmula Vegana Enjuague Rápido",None,"64
90","martes, 19 de septiembre"
202,"HASK, Shampoo Hidratante para Cabello Rizado, Anti-Frizz, Protege los Rizos, Libre de Sulfatos, Parabenos, Ftalatos y Gluten, 355 ml",None,84.90,"martes, 19 de septiembre"
203,Shampoo del Indio Huichol | Champú de tratamiento para la pérdida de cabello y la caspa para fortalecer el crecimiento abundante del cabello y la prevención de la caspa; 14 onzas líquidas,None,"85
00","mañana, 18 de septiembre"
204,"OGX, Shampoo Extra Fuerte de Tea Tree y Menta, 385 ml",None,122.00,"mañana, 18 de septiembre"
205,"HERBAL ESSENCES Bio:Renew, Shampoo Sin Sulfatos y Parabenos, 6X Aloe Vera y Mango, Repara y Protege el Cabello, 90% Origen Natural, 400 ml",None,"114
00","martes, 19 de septiembre"
206,Folicuré Shampoo Extra 700 ml,None,189.00,Más resultados
207,"L'Oréal Paris Shampoo con aceite de coco Ever Curl controla el frizz y nutre tus rizos para todo tipo de pelo teñido Sin Sulfatos, 250ml",None,"145
24","mañana, 18 de septiembre"
208,Tresemmé Shampoo sin siliconas Rizos Disciplinados con aceites exquisitos y elastina B 715 ml,None,179.00,"mañana, 18 de septiembre"
209,Anne Rothshield Shampoo Keratin Oil Elixir 700Ml + Acondicionador Keratin Oil Elixir 700Ml,None,"44
50","mañana, 18 de septiembre"
210,"HEAD & SHOULDERS, Shampoo para Caspa, MEN Old Spice, Fragancia Masculina (375 ml)",None,"76
50","mañana, 18 de septiembre"
211,"Aveeno Scalp Soothing Oat Milk Blend Shampoo, 12 Ounce, 340.194 gramo, 1",None,93.00,"mañana, 18 de septiembre"
212,Yellow Liss Shampoo alisador anti-frizz,None,"67
02","mañana, 18 de septiembre"
213,L'Oréal Paris Shampoo 3 en 1 Frambuesa L'Oréal Kids 260 ml,None,97.00,"mañana, 18 de septiembre"
214,"Tío Nacho Efecto Anti-Canas, Shampoo Anti-Caída con Henna Su Combinación de Jalea Real y Henna Ayuda Matizar las Canas y Rejuvenecer el Cabello, Menos Canas, Menos Caída, Botella 415 ml",None,"154
70","mañana, 18 de septiembre"
215,"Pantene - Shampoo Minute Miracle Restauración, Shampoo para cabello con Aceite de Argán, Uso Diario, 480 ml",None,249.90,"mañana, 18 de septiembre"
216,"Maui Moisture, Curl Quench + Coconut Oil, Shampoo, Control de Rizos para Cabello Rizado y Ondulado, Sin Parabenos, Aceite de Coco, 385 ml",None,"1,080
00","mañana, 18 de septiembre"
217,Shampoo para Cabello con Perdida de Densidad Kérastase Bain Densité Homme Densifique | 250ml,None,"379
76","mañana, 18 de septiembre"
218,"ALAZÁN SHAMPOO DE CABALLO PARA USO HUMANO, CON BERGAMOTA, BIOTINA Y QUERATINA",None,418.54,"mañana, 18 de septiembre"
219,"OGX, Shampoo Ever Straight Brazilian Keratin Therapy, Keratina Brasileña, 385",None,"126
65","mañana, 18 de septiembre"
220,"Bio Expert - Champú Macadamia 650 ml, paquete de 1",None,150.00,"mañana, 18 de septiembre"
221,"Nioxin Shampoo Sistema #3 Anticaída para el Cuidado de Color con caída moderada, 1000 ml",None,"139
99",
222,Matrix Total Results Shampoo matizador morado So Silver Neutraliza tonos amarillos para cabellos rubios y cenizos 300 ml,None,"145
25","mañana, 18 de septiembre"
223,Shampoo Johnson's Hidratación Intensa 400 ml,None,179.00,"mañana, 18 de septiembre"
224,Tresemmé Shampoo Keratina Antifrizz con keratina y ácido hialurónico 715 ml,None,"160
00","mañana, 18 de septiembre"
225,"Kelual Ds Shampoo Auxiliar Tratante Anticaspa, Caspa Severa, 100Ml",None,169.91,"mañana, 18 de septiembre"
226,"La Roche Posay Kerium Shampoo para Caspa Grasa, 200 ml",None,"70
00","mañana, 18 de septiembre"
227,"HERBAL ESSENCES Bio:Renew, Shampoo Romero, Sin Siliconas ni Parabenos, Controla Cabello Graso, 400 ml",None,106.00,"mañana, 18 de septiembre"
228,"Pantene - Shampoo Minute Miracle Hidratación Extrema, con Aceite de Argán, Shampoo Sin Sal, Uso Diario, 480 ml",None,"170
00","mañana, 18 de septiembre"
229,The Botanist Shampoo Bergamot + Basil 591 ml,None,"66
00",
230,Tresemmé Shampoo sin parabenos y sin colorantes Pro Radiance Color para cabello teñido 715 ml,None,83.90,"mañana, 18 de septiembre"
231,"OGX Champú de aceite alisador sin frizz+ queratina, 5 en 1, para cabello encrespado, cabello brillante, 385 ml",None,"209
80","mañana, 18 de septiembre"
232,"Tío Nacho ACLARANTE, Shampoo con JALEA REAL y extractos de MANZANILLA, BARDANA, ROMERO y ALOE VERA, ayuda a aclarar, ilumina y fortalece el cabello, cabello y planeta realmente saludables, Brillo Saludable, 100% reciclados y reciclables 415 ml",None,"50
50","mañana, 18 de septiembre"
233,SHAMPOO DE BERGAMOTA,None,69.90,"mañana, 18 de septiembre"
234,Shampoo Sedal Quinoa y Linaza 370 ml,None,"114
00","mañana, 18 de septiembre"
235,"L'Oréal Paris Elvive Total Repair 5 Repairing Shampoo, for Damaged Hair, Shampoo with Protein and Ceramide for Strong, Silky, Shiny, Healthy, Renewed Hair, 28 fl. oz.",None,189.00,"mañana, 18 de septiembre"
236,Schwarzkopf BC Moisture Kick Shampoo Micelar 250ml,None,"233
52","mañana, 18 de septiembre"
237,Shampoo para Cabello Rizado Briel Veda 250 ml,None,"72
00","mañana, 18 de septiembre"
238,Salerm 21 express All In One Hair Care by Salerm Cosmetics,None,"98
00","mañana, 18 de septiembre"
239,Aveda Cherry Almond Softening Shampoo 8.5 Oz,None,"75
00","mañana, 18 de septiembre"
